{
"lengthUnit": "mil",
"components": {
	"fields": ["COMPONENT_NO", "COMPONENT_NAME", "LAYER", "X_COORDINATE", "Y_COORDINATE", "ANGLE"],
	"rows": [
		[1, "BOOT", "T", 645, 2660, 0],
		[2, "C2", "T", 690, 3185, 90],
		[3, "H1", "T", 345, 2885, 270],
		[4, "H2", "T", 944.75, 2885.05, 270],
		[5, "R1", "T", 600, 3185, 90],
		[6, "R2", "T", 760, 3185, 90],
		[7, "R3", "T", 530, 3185, 90],
		[8, "U1", "T", 645, 2890, 270],
		[9, "USB1", "T", 645, 3390, 180]
	]
},
"pins": {
	"fields": ["PIN_NO", "PIN_NAME", "PIN_X", "PIN_Y", "LAYER", "PIN_TYPE", "NET_NAME", "NET_TYPE", "PAD_SHAPE", "PAD_SIZEX", "PAD_SIZEY", "HOLE_SIZE", "PAD_ANGLE"],
	"rows": [
		[1, "BOOT_1", 564.88, 2660, "T", "SMD", "UDP", "", "R", 60.24, 53.54, 0, 0],
		[2, "BOOT_2", 725.12, 2660, "T", "SMD", "$1N5785", "", "R", 60.24, 53.54, 0, 0],
		[3, "C2_1", 690, 3157.44, "T", "SMD", "GND", "GND", "R", 31.5, 35.43, 0, 90],
		[4, "C2_2", 690, 3212.56, "T", "SMD", "+5V", "", "R", 31.5, 35.43, 0, 90],
		[5, "H1_1", 345, 3485, "T", "DIP", "PA6", "", "R", 100, 70.87, 35.2, 0],
		[6, "H1_1", 345, 3485, "B", "DIP", "PA6", "", "R", 100, 70.87, 35.2, 0],
		[7, "H1_2", 345, 3385, "T", "DIP", "PA7", "", "O", 100, 70.87, 35.2, 0],
		[8, "H1_2", 345, 3385, "B", "DIP", "PA7", "", "O", 100, 70.87, 35.2, 0],
		[9, "H1_3", 345, 3285, "T", "DIP", "PB1", "", "O", 100, 70.87, 35.2, 0],
		[10, "H1_3", 345, 3285, "B", "DIP", "PB1", "", "O", 100, 70.87, 35.2, 0],
		[11, "H1_4", 345, 3185, "T", "DIP", "PB7", "", "O", 100, 70.87, 35.2, 0],
		[12, "H1_4", 345, 3185, "B", "DIP", "PB7", "", "O", 100, 70.87, 35.2, 0],
		[13, "H1_5", 345, 3085, "T", "DIP", "UDM", "", "O", 100, 70.87, 35.2, 0],
		[14, "H1_5", 345, 3085, "B", "DIP", "UDM", "", "O", 100, 70.87, 35.2, 0],
		[15, "H1_6", 345, 2985, "T", "DIP", "UDP", "", "O", 100, 70.87, 35.2, 0],
		[16, "H1_6", 345, 2985, "B", "DIP", "UDP", "", "O", 100, 70.87, 35.2, 0],
		[17, "H1_7", 345, 2885, "T", "DIP", "GND", "GND", "O", 100, 70.87, 35.2, 0],
		[18, "H1_7", 345, 2885, "B", "DIP", "GND", "GND", "O", 100, 70.87, 35.2, 0],
		[19, "H1_8", 345, 2785, "T", "DIP", "PC18", "", "O", 100, 70.87, 35.2, 0],
		[20, "H1_8", 345, 2785, "B", "DIP", "PC18", "", "O", 100, 70.87, 35.2, 0],
		[21, "H1_9", 345, 2685, "T", "DIP", "+5V", "", "O", 100, 70.87, 35.2, 0],
		[22, "H1_9", 345, 2685, "B", "DIP", "+5V", "", "O", 100, 70.87, 35.2, 0],
		[23, "H1_10", 345, 2585, "T", "DIP", "PA9", "", "O", 100, 70.87, 35.2, 0],
		[24, "H1_10", 345, 2585, "B", "DIP", "PA9", "", "O", 100, 70.87, 35.2, 0],
		[25, "H2_1", 944.75, 3485.05, "T", "DIP", "PA5", "", "R", 100, 70.87, 35.2, 0],
		[26, "H2_1", 944.75, 3485.05, "B", "DIP", "PA5", "", "R", 100, 70.87, 35.2, 0],
		[27, "H2_2", 944.75, 3385.05, "T", "DIP", "PA4", "", "O", 100, 70.87, 35.2, 0],
		[28, "H2_2", 944.75, 3385.05, "B", "DIP", "PA4", "", "O", 100, 70.87, 35.2, 0],
		[29, "H2_3", 944.75, 3285.05, "T", "DIP", "PC19", "", "O", 100, 70.87, 35.2, 0],
		[30, "H2_3", 944.75, 3285.05, "B", "DIP", "PC19", "", "O", 100, 70.87, 35.2, 0],
		[31, "H2_4", 944.75, 3185.05, "T", "DIP", "PA3", "", "O", 100, 70.87, 35.2, 0],
		[32, "H2_4", 944.75, 3185.05, "B", "DIP", "PA3", "", "O", 100, 70.87, 35.2, 0],
		[33, "H2_5", 944.75, 3085.05, "T", "DIP", "PA2", "", "O", 100, 70.87, 35.2, 0],
		[34, "H2_5", 944.75, 3085.05, "B", "DIP", "PA2", "", "O", 100, 70.87, 35.2, 0],
		[35, "H2_6", 944.75, 2985.05, "T", "DIP", "PA1", "", "O", 100, 70.87, 35.2, 0],
		[36, "H2_6", 944.75, 2985.05, "B", "DIP", "PA1", "", "O", 100, 70.87, 35.2, 0],
		[37, "H2_7", 944.75, 2885.05, "T", "DIP", "PA0", "", "O", 100, 70.87, 35.2, 0],
		[38, "H2_7", 944.75, 2885.05, "B", "DIP", "PA0", "", "O", 100, 70.87, 35.2, 0],
		[39, "H2_8", 944.75, 2785.05, "T", "DIP", "PC3", "", "O", 100, 70.87, 35.2, 0],
		[40, "H2_8", 944.75, 2785.05, "B", "DIP", "PC3", "", "O", 100, 70.87, 35.2, 0],
		[41, "H2_9", 944.75, 2685.05, "T", "DIP", "PA10", "", "O", 100, 70.87, 35.2, 0],
		[42, "H2_9", 944.75, 2685.05, "B", "DIP", "PA10", "", "O", 100, 70.87, 35.2, 0],
		[43, "H2_10", 944.75, 2585.05, "T", "DIP", "PA11", "", "O", 100, 70.87, 35.2, 0],
		[44, "H2_10", 944.75, 2585.05, "B", "DIP", "PA11", "", "O", 100, 70.87, 35.2, 0],
		[45, "R1_1", 600, 3155.34, "T", "SMD", "+5V", "", "R", 31.75, 34.02, 0, 90],
		[46, "R1_2", 600, 3214.66, "T", "SMD", "$1N5785", "", "R", 31.75, 34.02, 0, 90],
		[47, "R2_1", 760, 3155.34, "T", "SMD", "GND", "GND", "R", 31.75, 34.02, 0, 90],
		[48, "R2_2", 760, 3214.66, "T", "SMD", "$1N1999", "", "R", 31.75, 34.02, 0, 90],
		[49, "R3_1", 530, 3155.34, "T", "SMD", "GND", "GND", "R", 31.75, 34.02, 0, 90],
		[50, "R3_2", 530, 3214.66, "T", "SMD", "$1N2038", "", "R", 31.75, 34.02, 0, 90],
		[51, "U1_1", 531.97, 3005.16, "T", "SMD", "PA6", "", "O", 14.33, 68.58, 0, 270],
		[52, "U1_2", 531.97, 2979.57, "T", "SMD", "PA7", "", "O", 14.33, 68.58, 0, 270],
		[53, "U1_3", 531.97, 2953.98, "T", "SMD", "PB1", "", "O", 14.33, 68.58, 0, 270],
		[54, "U1_4", 531.97, 2928.39, "T", "SMD", "PB7", "", "O", 14.33, 68.58, 0, 270],
		[55, "U1_5", 531.97, 2902.79, "T", "SMD", "UDM", "", "O", 14.33, 68.58, 0, 270],
		[56, "U1_6", 531.97, 2877.2, "T", "SMD", "UDP", "", "O", 14.33, 68.58, 0, 270],
		[57, "U1_7", 531.97, 2851.61, "T", "SMD", "GND", "GND", "O", 14.33, 68.58, 0, 270],
		[58, "U1_8", 531.97, 2826.02, "T", "SMD", "PC18", "", "O", 14.33, 68.58, 0, 270],
		[59, "U1_9", 531.97, 2800.43, "T", "SMD", "+5V", "", "O", 14.33, 68.58, 0, 270],
		[60, "U1_10", 531.97, 2774.84, "T", "SMD", "PA9", "", "O", 14.33, 68.58, 0, 270],
		[61, "U1_11", 758.03, 2774.84, "T", "SMD", "PA11", "", "O", 14.33, 68.58, 0, 270],
		[62, "U1_12", 758.03, 2800.43, "T", "SMD", "PA10", "", "O", 14.33, 68.58, 0, 270],
		[63, "U1_13", 758.03, 2826.02, "T", "SMD", "PC3", "", "O", 14.33, 68.58, 0, 270],
		[64, "U1_14", 758.03, 2851.61, "T", "SMD", "PA0", "", "O", 14.33, 68.58, 0, 270],
		[65, "U1_15", 758.03, 2877.2, "T", "SMD", "PA1", "", "O", 14.33, 68.58, 0, 270],
		[66, "U1_16", 758.03, 2902.79, "T", "SMD", "PA2", "", "O", 14.33, 68.58, 0, 270],
		[67, "U1_17", 758.03, 2928.39, "T", "SMD", "PA3", "", "O", 14.33, 68.58, 0, 270],
		[68, "U1_18", 758.03, 2953.98, "T", "SMD", "PC19", "", "O", 14.33, 68.58, 0, 270],
		[69, "U1_19", 758.03, 2979.57, "T", "SMD", "PA4", "", "O", 14.33, 68.58, 0, 270],
		[70, "U1_20", 758.03, 3005.16, "T", "SMD", "PA5", "", "O", 14.33, 68.58, 0, 270],
		[71, "USB1_1", 815.08, 3319.92, "T", "DIP", "USB1_1", "", "O", 39.37, 82.68, 66.93, 180],
		[72, "USB1_1", 815.08, 3319.92, "B", "DIP", "USB1_1", "", "O", 39.37, 82.68, 66.93, 180],
		[73, "USB1_2", 474.92, 3319.92, "T", "DIP", "USB1_2", "", "O", 39.37, 82.68, 66.93, 180],
		[74, "USB1_2", 474.92, 3319.92, "B", "DIP", "USB1_2", "", "O", 39.37, 82.68, 66.93, 180],
		[75, "USB1_3", 474.92, 3484.49, "T", "DIP", "USB1_3", "", "O", 39.37, 70.87, 55.12, 180],
		[76, "USB1_3", 474.92, 3484.49, "B", "DIP", "USB1_3", "", "O", 39.37, 70.87, 55.12, 180],
		[77, "USB1_4", 815.08, 3484.49, "T", "DIP", "USB1_4", "", "O", 39.37, 70.87, 55.12, 180],
		[78, "USB1_4", 815.08, 3484.49, "B", "DIP", "USB1_4", "", "O", 39.37, 70.87, 55.12, 180],
		[79, "USB1_A1B12", 770.98, 3295.51, "T", "SMD", "GND", "GND", "R", 23.62, 48.82, 0, 180],
		[80, "USB1_A4B9", 739.49, 3295.51, "T", "SMD", "+5V", "", "R", 23.62, 48.82, 0, 180],
		[81, "USB1_A5", 694.21, 3295.51, "T", "SMD", "$1N1999", "", "R", 11.81, 48.82, 0, 180],
		[82, "USB1_A6", 654.84, 3295.51, "T", "SMD", "UDP", "", "R", 11.81, 48.82, 0, 180],
		[83, "USB1_A7", 635.16, 3295.51, "T", "SMD", "UDM", "", "R", 11.81, 48.82, 0, 180],
		[84, "USB1_A8", 595.79, 3295.51, "T", "SMD", "USB1_A8", "", "R", 11.81, 48.82, 0, 180],
		[85, "USB1_B1A12", 519.02, 3295.51, "T", "SMD", "GND", "GND", "R", 23.62, 48.82, 0, 180],
		[86, "USB1_B4A9", 550.51, 3295.51, "T", "SMD", "+5V", "", "R", 23.62, 48.82, 0, 180],
		[87, "USB1_B5", 576.1, 3295.51, "T", "SMD", "$1N2038", "", "R", 11.81, 48.82, 0, 180],
		[88, "USB1_B6", 615.47, 3295.51, "T", "SMD", "UDP", "", "R", 11.81, 48.82, 0, 180],
		[89, "USB1_B7", 674.53, 3295.51, "T", "SMD", "UDM", "", "R", 11.81, 48.82, 0, 180],
		[90, "USB1_B8", 713.9, 3295.51, "T", "SMD", "USB1_B8", "", "R", 11.81, 48.82, 0, 180]
	]
}
}